<!DOCTYPE html PUBLIC "-//W3C//DTD XHTML 1.0 Strict//EN" "http://www.w3.org/TR/xhtml1/DTD/xhtml1-strict.dtd">
<html xmlns="http://www.w3.org/1999/xhtml">
	<head>

		<!-- Generated by WP EPUB Unifier :: copyright Servicecentrum WPG Uitgevers / Formaat | eWorkflow, licentiehouder: WPG Uitgevers.Zetter: PerfectService. -->
		<title>x97890295680434</title>
		<meta http-equiv="Content-Type" content="text/html; charset=utf-8"/>
		<link href="../stylesheet.css" rel="stylesheet" type="text/css"/>
		<link href="../page_styles.css" rel="stylesheet" type="text/css"/>




		<link href="../calibreHtmlOutBasicCss.css" type="text/css" rel="stylesheet" />

	</head>
	<body>

		<div class="calibreMeta">
			<div class="calibreMetaTitle">



				<h1>
					<a href="../../3ts5s3.html">De Kapellekensbaan
					</a>
				</h1>



			</div>
			<div class="calibreMetaAuthor">
    Louis Paul Boon

			</div>
		</div>

		<div class="calibreMain">

			<div class="calibreEbookContent">

				<div class="calibreEbNavTop">

					<a href="x97890295680433.xhtml" class="calibreAPrev">previous page</a>



					<a href="x97890295680435.xhtml" class="calibreANext"> next page</a>

				</div>



				<div id="x97890295680434" title="s25CFpvyJKrzGN//tICrPdqvyMvPrRSsKRBANVx+Kml/WzA/GKed5Q==" class="calibre1">
					<p class="wp-kopx">
						<span class="wpt-wit">#</span>
					</p><p class="wp-tussenkop">
						<span class="wpt-cijfers1">het boek over de kapellekensbaan</span>
					</p><p class="wp-platmetwit">dat het boek is over de kinderjaren van ondineke, die geboren werd in tjaar <span class="wpt-cijfers1">1800</span>
						<span class="wpt-cijfers1">-</span>en-zoveel... en die verliefd werd op meneer achilles derenancourt, directeur van de garenfabriek de filature, maar die op het laatste van het boek trouwen zal met het zielige oscarke... over haar broer valeer-traleer, met zijn monsterhoofd dat van hier naar daar door het leven waggelt, en over meneerke brys die zonder dat hij het wist een der <span class="wpt-cijfers1">ii</span>ste socialisten was... over haar vader vapeur, die met zijn goddeloze machine de wereld redden wou, en over al wat mij toevallig niet te binnen schiet, maar dat in zijn grote lijnen de moeizame <span class="wpt-cijfers1">opgang van het socialisme </span>wil tekenen, en de ondergang van de burgerij die <span class="wpt-cijfers1">2</span> oorlogen op haar kop kreeg en ineenstuikte. Maar daartussen en daarnaast is het ook een boek dat zich veel later afspeelt, in onze moderne dag van vandaag: terwijl ondineke leeft in tjaar <span class="wpt-cijfers1">1800</span>
						<span class="wpt-cijfers1">-</span>en-zoveel, leven mossieu colson van tminnesterie, johan janssens de dagbladschrijver, tippetotje de schilderes, mtr. mots en pr. dr. spothuyzen – en gijzelf, boontje – ten huidigen dage, op zoek naar de waarden die waarlijk tellen, op zoek naar iets dat de<span class="wpt-cijfers1"> neergang van het socialisme </span>tegenhouden kan. Maar... de hemel beware er ons voor moest het niet méér zijn dan dat: het is een plas, een zee, een chaos: het is het boek van al wat er op de kapellekensbaan te horen en te zien viel, van tjaar <span class="wpt-cijfers1">1800</span>
						<span class="wpt-cijfers1">-</span>en-zoveel tot op deze dag.</p>
				</div>



			</div>


			<div class="calibreToc">
				<h2>
					<a href="../../3ts5s3.html"> Table of contents</a>
				</h2>
				<div>
					<ul>
						<li>
							<a href="x97890295680432.xhtml#toc_marker_9789029568043_-5">De Kapellekensbaan</a>
						</li>
						<li>
							<a href="x97890295680435.xhtml#toc_marker_9789029568043_">Hier begint het 1ste hoofdstuk: Lente te Ter-Muren</a>
						</li>
						<li>
							<a href="x97890295680437.xhtml#toc_marker_9789029568043_-1">Hier begint definitief het 1ste hoofdstuk: Lente te Ter-Muren</a>
						</li>
						<li>
							<a href="x97890295680439.xhtml#toc_marker_9789029568043_-2">Hier begint het 2de hoofdstuk: vandaag wat zon en morgen wat regen en wind</a>
						</li>
						<li>
							<a href="x978902956804311.xhtml#toc_marker_9789029568043_-3">Toch het 3de en laatste hoofdstuk: gisteren wat zon en vandaag weeral wind en regen en modder</a>
						</li>
						<li>
							<a href="x978902956804314.xhtml#toc_marker_9789029568043_-4">Verantwoording</a>
						</li>
					</ul>
				</div>


			</div>


			<div class="calibreEbNav">

				<a href="x97890295680433.xhtml" class="calibreAPrev">previous page</a>


				<a href="../../3ts5s3.html" class="calibreAHome"> start</a>


				<a href="x97890295680435.xhtml" class="calibreANext"> next page</a>

			</div>

		</div>

	</body>
</html>
