<!DOCTYPE html PUBLIC "-//W3C//DTD XHTML 1.0 Strict//EN" "http://www.w3.org/TR/xhtml1/DTD/xhtml1-strict.dtd">
<html xmlns="http://www.w3.org/1999/xhtml">
	<head>

		<!-- Generated by WP EPUB Unifier :: copyright Servicecentrum WPG Uitgevers / Formaat | eWorkflow, licentiehouder: WPG Uitgevers.Zetter: PerfectService. -->
		<title>x97890295680433</title>
		<meta http-equiv="Content-Type" content="text/html; charset=utf-8"/>
		<link href="../stylesheet.css" rel="stylesheet" type="text/css"/>
		<link href="../page_styles.css" rel="stylesheet" type="text/css"/>




		<link href="../calibreHtmlOutBasicCss.css" type="text/css" rel="stylesheet" />

	</head>
	<body>

		<div class="calibreMeta">
			<div class="calibreMetaTitle">



				<h1>
					<a href="../../3ts5s3.html">De Kapellekensbaan
					</a>
				</h1>



			</div>
			<div class="calibreMetaAuthor">
    Louis Paul Boon

			</div>
		</div>

		<div class="calibreMain">

			<div class="calibreEbookContent">

				<div class="calibreEbNavTop">

					<a href="x97890295680432.xhtml" class="calibreAPrev">previous page</a>



					<a href="x97890295680434.xhtml" class="calibreANext"> next page</a>

				</div>



				<div id="x97890295680433" title="h/x8wfAhP/OEeqQL2ONoRL31viEuy8vadLWbfHtfYRW/cu1Y9D8J7g==" class="calibre1">
					<p class="wpvw-vermelding">Dit eerste deel in de Boon-werkuitgave van Uitgeverij De Arbeiderspers is tot stand gekomen in samenwerking met het Documentatie Centrum voor de Wetenschappelijke Studie van het werk van L.P. Boon van de Universitaire Instelling Antwerpen, onder leiding van Paul de Wispelaere.</p><p class="wpvw-colofon">Copyright © <span class="wpt-cijfers1">1953</span>
						<span class="wpt-cijfers1"> /</span>
						<span class="wpt-cijfers1">1994</span> Erven Louis Paul Boon, Erembodegem</p><p class="wpvw-colofon">Copyright nawoord © <span class="wpt-cijfers1">1994</span> Kris Humbeeck en Bart Vanegeren</p><p class="wp-witregel"> </p><p class="wpvw-colofon">Niets uit deze uitgave mag worden verveelvoudigd en/of openbaar gemaakt, door middel van druk, fotokopie, microfilm of op welke andere wijze ook, zonder voorafgaande schriftelijke toestemming van <span class="wpt-cijfers1">bv</span> Uitgeverij De Arbeiderspers, Franz Lisztplantsoen <span class="wpt-cijfers1">200</span>, <span class="wpt-cijfers1">3533</span>
						<span class="wpt-cijfers1">jg</span> Utrecht. <span class="wpt-cursief">No part of this book may be reproduced in any form, by print, photoprint, microfilm or any other means, without written permission from </span>
						<span class="wpt-cijfers1">bv</span>
						<span class="wpt-cursief"> Uitgeverij De Arbeiderspers, Franz Lisztplantsoen </span>
						<span class="wpt-cijfers1">200</span>
						<span class="wpt-cursief">, </span>
						<span class="wpt-cijfers1">3533</span>
						<span class="wpt-cursief"> </span>
						<span class="wpt-cijfers1">jg</span>
						<span class="wpt-cursief"> Utrecht.</span>
					</p><p class="wp-witregel"> </p><p class="wpvw-colofon">Omslag: Wim Mol</p><p class="wp-witregel"> </p><p class="wpvw-isbn">ISBN <span class="wpt-cijfers1">978</span>
						<span class="wpt-cijfers1"> </span>
						<span class="wpt-cijfers1">90</span>
						<span class="wpt-cijfers1"> </span>
						<span class="wpt-cijfers1">295</span>
						<span class="wpt-cijfers1"> </span>
						<span class="wpt-cijfers1">6804</span>
						<span class="wpt-cijfers1"> </span>
						<span class="wpt-cijfers1">3</span>
						<span class="wpt-cijfers1"> / nur </span>
						<span class="wpt-cijfers1">301</span>
					</p><p class="wpvw-colofon">
						<a href="http://www.arbeiderspers.nl">fiw.arbeiderspers.nl</a>
					</p><p class="wp-witregel"> </p><p class="wpvw-colofon">Deze digitale editie is gemaakt naar de eenendertigste druk, <span class="wpt-cijfers1">2003</span>
					</p>
				</div>



			</div>


			<div class="calibreToc">
				<h2>
					<a href="../../3ts5s3.html"> Table of contents</a>
				</h2>
				<div>
					<ul>
						<li>
							<a href="x97890295680432.xhtml#toc_marker_9789029568043_-5">De Kapellekensbaan</a>
						</li>
						<li>
							<a href="x97890295680435.xhtml#toc_marker_9789029568043_">Hier begint het 1ste hoofdstuk: Lente te Ter-Muren</a>
						</li>
						<li>
							<a href="x97890295680437.xhtml#toc_marker_9789029568043_-1">Hier begint definitief het 1ste hoofdstuk: Lente te Ter-Muren</a>
						</li>
						<li>
							<a href="x97890295680439.xhtml#toc_marker_9789029568043_-2">Hier begint het 2de hoofdstuk: vandaag wat zon en morgen wat regen en wind</a>
						</li>
						<li>
							<a href="x978902956804311.xhtml#toc_marker_9789029568043_-3">Toch het 3de en laatste hoofdstuk: gisteren wat zon en vandaag weeral wind en regen en modder</a>
						</li>
						<li>
							<a href="x978902956804314.xhtml#toc_marker_9789029568043_-4">Verantwoording</a>
						</li>
					</ul>
				</div>


			</div>


			<div class="calibreEbNav">

				<a href="x97890295680432.xhtml" class="calibreAPrev">previous page</a>


				<a href="../../3ts5s3.html" class="calibreAHome"> start</a>


				<a href="x97890295680434.xhtml" class="calibreANext"> next page</a>

			</div>

		</div>

	</body>
</html>
