<!DOCTYPE html PUBLIC "-//W3C//DTD XHTML 1.0 Strict//EN" "http://www.w3.org/TR/xhtml1/DTD/xhtml1-strict.dtd">
<html xmlns="http://www.w3.org/1999/xhtml">
	<head>

		<!-- Generated by WP EPUB Unifier :: copyright Servicecentrum WPG Uitgevers / Formaat | eWorkflow, licentiehouder: WPG Uitgevers.Zetter: PerfectService. -->
		<title>x97890295680432</title>
		<meta http-equiv="Content-Type" content="text/html; charset=utf-8"/>
		<link href="../stylesheet.css" rel="stylesheet" type="text/css"/>
		<link href="../page_styles.css" rel="stylesheet" type="text/css"/>




		<link href="../calibreHtmlOutBasicCss.css" type="text/css" rel="stylesheet" />

	</head>
	<body>

		<div class="calibreMeta">
			<div class="calibreMetaTitle">



				<h1>
					<a href="../../3ts5s3.html">De Kapellekensbaan
					</a>
				</h1>



			</div>
			<div class="calibreMetaAuthor">
    Louis Paul Boon

			</div>
		</div>

		<div class="calibreMain">

			<div class="calibreEbookContent">

				<div class="calibreEbNavTop">

					<a href="x97890295680431.xhtml" class="calibreAPrev">previous page</a>



					<a href="x97890295680433.xhtml" class="calibreANext"> next page</a>

				</div>



				<div id="x97890295680432" title="V8pZcKm03mo4j/mPsUHOo62LiDz58sEo7692X+IRfPAusIPCMbuu8Q==" class="calibre1">
					<p class="wpvw-auteur">Louis Paul Boon</p>
					<h1 id="toc_marker_9789029568043_-5" class="wpvw-titel">De Kapellekensbaan</h1><p class="wpvw-auteur">of de <span class="wpt-cijfers">1</span>ste illegale roman van Boontje</p><p class="wpvw-vertaler">Teksteditie en nawoord: Kris Humbeeck en Bart Vanegeren</p><p class="wpvw-z">
						<span>
							<img alt="01-Arbeiderspers.ai" class="wpo-logo" src="images/01-Arbeiderspers_fmt.jpeg"/>
						</span>
					</p><p class="wpvw-uitgever">Uitgeverij De Arbeiderspers</p><p class="wpvw-z">Utrecht – Amsterdam – Antwerpen <span class="wpt-cijfers1">2012</span>
					</p>
				</div>



			</div>


			<div class="calibreToc">
				<h2>
					<a href="../../3ts5s3.html"> Table of contents</a>
				</h2>
				<div>
					<ul>
						<li>
							<a href="x97890295680432.xhtml#toc_marker_9789029568043_-5">De Kapellekensbaan</a>
						</li>
						<li>
							<a href="x97890295680435.xhtml#toc_marker_9789029568043_">Hier begint het 1ste hoofdstuk: Lente te Ter-Muren</a>
						</li>
						<li>
							<a href="x97890295680437.xhtml#toc_marker_9789029568043_-1">Hier begint definitief het 1ste hoofdstuk: Lente te Ter-Muren</a>
						</li>
						<li>
							<a href="x97890295680439.xhtml#toc_marker_9789029568043_-2">Hier begint het 2de hoofdstuk: vandaag wat zon en morgen wat regen en wind</a>
						</li>
						<li>
							<a href="x978902956804311.xhtml#toc_marker_9789029568043_-3">Toch het 3de en laatste hoofdstuk: gisteren wat zon en vandaag weeral wind en regen en modder</a>
						</li>
						<li>
							<a href="x978902956804314.xhtml#toc_marker_9789029568043_-4">Verantwoording</a>
						</li>
					</ul>
				</div>


			</div>


			<div class="calibreEbNav">

				<a href="x97890295680431.xhtml" class="calibreAPrev">previous page</a>


				<a href="../../3ts5s3.html" class="calibreAHome"> start</a>


				<a href="x97890295680433.xhtml" class="calibreANext"> next page</a>

			</div>

		</div>

	</body>
</html>
