<!DOCTYPE html PUBLIC "-//W3C//DTD XHTML 1.0 Strict//EN" "http://www.w3.org/TR/xhtml1/DTD/xhtml1-strict.dtd">
<html xmlns="http://www.w3.org/1999/xhtml">
	<head>

		<!-- Generated by WP EPUB Unifier :: copyright Servicecentrum WPG Uitgevers / Formaat | eWorkflow, licentiehouder: WPG Uitgevers.Zetter: PerfectService. -->
		<title>x97890295680431</title>
		<meta http-equiv="Content-Type" content="text/html; charset=utf-8"/>
		<link href="../stylesheet.css" rel="stylesheet" type="text/css"/>
		<link href="../page_styles.css" rel="stylesheet" type="text/css"/>




		<link href="../calibreHtmlOutBasicCss.css" type="text/css" rel="stylesheet" />

	</head>
	<body>

		<div class="calibreMeta">
			<div class="calibreMetaTitle">



				<h1>
					<a href="../../3ts5s3.html">De Kapellekensbaan
					</a>
				</h1>



			</div>
			<div class="calibreMetaAuthor">
    Louis Paul Boon

			</div>
		</div>

		<div class="calibreMain">

			<div class="calibreEbookContent">

				<div class="calibreEbNavTop">

					<a href="../../3ts5s3.html" class="calibreAPrev">previous page</a>



					<a href="x97890295680432.xhtml" class="calibreANext"> next page</a>

				</div>



				<div id="x97890295680431" title="7rbhUwEWIm0TiFvDdr7FCML2H24N+JUtwMLGnkRv99pLMYNQryCDCg==" class="calibre1">
					<div class="wpo-cover">
						<img alt="vdl9789029504225.JPG" src="images/vdl9789029504225_fmt.jpeg" class="calibre2"/>
					</div>
				</div>



			</div>


			<div class="calibreToc">
				<h2>
					<a href="../../3ts5s3.html"> Table of contents</a>
				</h2>
				<div>
					<ul>
						<li>
							<a href="x97890295680432.xhtml#toc_marker_9789029568043_-5">De Kapellekensbaan</a>
						</li>
						<li>
							<a href="x97890295680435.xhtml#toc_marker_9789029568043_">Hier begint het 1ste hoofdstuk: Lente te Ter-Muren</a>
						</li>
						<li>
							<a href="x97890295680437.xhtml#toc_marker_9789029568043_-1">Hier begint definitief het 1ste hoofdstuk: Lente te Ter-Muren</a>
						</li>
						<li>
							<a href="x97890295680439.xhtml#toc_marker_9789029568043_-2">Hier begint het 2de hoofdstuk: vandaag wat zon en morgen wat regen en wind</a>
						</li>
						<li>
							<a href="x978902956804311.xhtml#toc_marker_9789029568043_-3">Toch het 3de en laatste hoofdstuk: gisteren wat zon en vandaag weeral wind en regen en modder</a>
						</li>
						<li>
							<a href="x978902956804314.xhtml#toc_marker_9789029568043_-4">Verantwoording</a>
						</li>
					</ul>
				</div>


			</div>


			<div class="calibreEbNav">

				<a href="../../3ts5s3.html" class="calibreAPrev">previous page</a>


				<a href="../../3ts5s3.html" class="calibreAHome"> start</a>


				<a href="x97890295680432.xhtml" class="calibreANext"> next page</a>

			</div>

		</div>

	</body>
</html>
