<!DOCTYPE html PUBLIC "-//W3C//DTD XHTML 1.0 Strict//EN" "http://www.w3.org/TR/xhtml1/DTD/xhtml1-strict.dtd">
<html xmlns="http://www.w3.org/1999/xhtml">
	<head>

		<!-- Generated by WP EPUB Unifier :: copyright Servicecentrum WPG Uitgevers / Formaat | eWorkflow, licentiehouder: WPG Uitgevers.Zetter: PerfectService. -->
		<title>x978902956804314</title>
		<meta http-equiv="Content-Type" content="text/html; charset=utf-8"/>
		<link href="../stylesheet.css" rel="stylesheet" type="text/css"/>
		<link href="../page_styles.css" rel="stylesheet" type="text/css"/>




		<link href="../calibreHtmlOutBasicCss.css" type="text/css" rel="stylesheet" />

	</head>
	<body>

		<div class="calibreMeta">
			<div class="calibreMetaTitle">



				<h1>
					<a href="../../3ts5s3.html">De Kapellekensbaan
					</a>
				</h1>



			</div>
			<div class="calibreMetaAuthor">
    Louis Paul Boon

			</div>
		</div>

		<div class="calibreMain">

			<div class="calibreEbookContent">

				<div class="calibreEbNavTop">

					<a href="x978902956804313.xhtml" class="calibreAPrev">previous page</a>



					<a href="../aa2114d5573a.html" class="calibreANext"> next page</a>

				</div>



				<div id="x978902956804314" title="QJNwS8O+/ko+BzHuLC2m/pC2G5NJ/1tiaDIE26L28RhAn1+V5ouZug==" class="calibre1">
					<h1 id="toc_marker_9789029568043_-4" class="wp-kopx">
						<span class="wpt-cijfers1">Verantwoording</span>
					</h1><p class="wp-plat1">De eerste druk van <span class="wpt-cursief">De Kapellekensbaan</span> verscheen in maart <span class="wpt-cijfers1">1953</span>, in een oplage van vijftienhonderd exemplaren. Nadat in <span class="wpt-cijfers1">1956</span> en <span class="wpt-cijfers1">1960</span> het werk met matig succes was heruitgegeven, kwam in juni <span class="wpt-cijfers1">1964</span> een goedkopere paperbackeditie op de markt. Deze ‘door de schrijver geheel herziene druk’ verscheen in een oplage van vijftienduizend exemplaren en werd in alle verdere uitgaven voor <span class="wpt-cijfers1">1979</span>
						<span class="wpt-cijfers1"> </span>gehandhaafd. Enige toelichting over de aard van de door de auteur aangebrachte wijzigingen ontbrak volkomen, hoewel het duidelijk een bekorting met zowat honderd pagina’s betrof. Merkwaardig genoeg verschafte Boon pas in zijn inleiding bij de heruitgave van de originele versie in <span class="wpt-cijfers1">1979</span>, in één band samen met <span class="wpt-cursief">Zomer te Ter-Muren</span>, de volgende uitleg omtrent de weglatingen:</p><p class="wp-platmetwit">[Want] in de dagen toen de beide boeken verschenen was er nog geen belangstelling voor en stak het nog zo nauw niet, maar toen ze jaren later plots lezers kregen, dacht ik een en ander op punt te moeten stellen – want de bekende Wubbe zei erover: Het enige wat in uw boeken ontbreekt, is datgene wat er teveel in is. En daarom schrapte ik dan maar een hele hoop van het goede dat er teveel in was, de bladzijden die naar mijn mening eruit mochten, doch waarvan ik dacht: Ik hoop dat andere schrijvers eenmaal even goede dingen zullen maken, als deze die ik nu schrap. Doch godnogaantoe, daar waren Wubbe en de anderen weer niet akkoord over. Meer zelfs, er gingen stemmen op alsof ik mezelf gekastreerd had en daar nu stond zonder dinges. Want in <span class="wpt-cursief">De Kapellekensbaan</span> schrapte ik alles over het Belgies koloniegebied, dat Kongo heette, omdat de Kongo niet meer van óns was, en dus zand erover. Ik bedoel dat deze stukken niet meer zo aktueel waren. Doch wat blijkt nu? dat ze aktueler dan ooit zijn geworden nu de Kongo de naam van Zaïre heeft gekregen.</p><p class="wp-plat">Bovendien zei me iemand: ‘Ik vind het niet mooi, dat je er het stuk “Klotensoep” hebt uitgegooid, want daar moest ik steeds zo bulderend om lachen’.<span class="wpt-cijfers1">...</span>
					</p><p class="wp-platmetwit">Meer dan wat kwinkslagen, die daarbij nog een loopje namen met de ware toedracht, waren dat dus niet. Uit vier grondige artikelen van Wim de Poorter blijkt immers dat het wel degelijk om verstrekkende ingrepen ging, die zowel in structureel als thematisch opzicht neerkwamen op onverantwoorde verminkingen van de originele romantekst.‘</p><p class="wp-plat">Deze nieuwe uitgave van <span class="wpt-cursief">De Kapellekensbaan</span>, waarmee een definitieve versie van de roman wordt gebracht, stemt geheel overeen met de eerste druk van <span class="wpt-cijfers1">1953</span>. We hadden gehoopt voor deze editie ook te kunnen beschikken over Boons oorspronkelijke typoscript, maar in weerwil van al onze naspeuringen bleek dit nergens te vinden, zodat het hoogstwaarschijnlijk als verloren moet worden beschouwd. In de handschriftencollectie van het Archief en Museum voor het Vlaamse Cultuurleven in Antwerpen bevinden zich wel ruim vijftig dicht beschreven vellen manuscript op drie soorten papier, in blauwe, zwarte of rode inkt, of een enkele keer in potlood. Het gaat om <span class="wpt-cijfers1">53</span> van de <span class="wpt-cijfers1">61</span> laatste stukjes van <span class="wpt-cursief">De Kapellekensbaan</span>, van ‘Over ziekte en dood’ tot het slot, ‘De roman van de oude bultkarkas’. Alle handgeschreven stukjes wijken in meerdere of mindere mate af van de uiteindelijke romanversie en van de voorpublikaties. Bij het persklaar maken van de onderhavige editie hebben we voor het uniformiseren van bepaalde spellingen en voor het oplossen van een aantal kleinere tekstproblemen gebruik gemaakt van deze manuscripten en van de talrijke gedrukte voorpublikaties in bladen als <span class="wpt-cursief">De roode vaan</span>, <span class="wpt-cursief">Front</span>, <span class="wpt-cursief">De Vlaamse Gids</span>, en andere.<span class="wpt-cijfers1">à </span>Daarbij stond ons steeds voor ogen dat Boontjes <span class="wpt-cijfers1">1</span>ste illegale roman niet in de standaardtaal werd geschreven, maar in een bijzonder tegendraads idioom, dat gekenmerkt wordt door talloze afwijkingen van de syntactische en lexicale geplogenheden en een ronduit anarchistische spelling. We hebben ervoor geopteerd geen afbreuk te doen aan de ontregelende kracht van dit proza.</p><p class="wp-platmetwit">
						<span class="wpt-cijfers1">kh</span>, <span class="wpt-cijfers1">bv</span>
						<span class="wpt-cijfers1">&amp;&amp;</span>
						<span class="wpt-cijfers1">pp</span>dfi</p><p class="wp-platmetwit">
						<span class="wpt-cijfers1">1</span>. <span class="wpt-cijfers1">l.p. boon</span>, <span class="wpt-cursief">De Kapellekensbaan/Zomer te Ter-Muren</span>, De Arbeiderspers/Querido, Amsterdam, <span class="wpt-cijfers1">1979</span>, p. <span class="wpt-cijfers1">7</span>
						<span class="wpt-cijfers1">-</span>
						<span class="wpt-cijfers1">8</span>.</p><p class="wp-platmetwit">
						<span class="wpt-cijfers1">2</span>. <span class="wpt-cijfers1">wim de poorter</span>, ‘Een vergelijking tussen twee drukken van <span class="wpt-cursief">De Kapellekensbaan</span>’, in: <span class="wpt-cursief">Tijdschrift van de Vrije Universiteit Brussel</span>, <span class="wpt-cijfers1">xii </span>(<span class="wpt-cijfers1">1969</span>
						<span class="wpt-cijfers1">-</span>
						<span class="wpt-cijfers1">1970</span>), <span class="wpt-cijfers1">1</span>
						<span class="wpt-cijfers1">/</span>
						<span class="wpt-cijfers1">2</span>, p. <span class="wpt-cijfers1">43</span>
						<span class="wpt-cijfers1">-</span>
						<span class="wpt-cijfers1">54</span>.</p><p class="wp-plat">‘Een vergelijking van twee drukken van <span class="wpt-cursief">De Kapellekensbaan</span>’, in: <span class="wpt-cursief">Tijdschrift van de Vrije Universiteit Brussel</span>, <span class="wpt-cijfers1">xv</span> (<span class="wpt-cijfers1">1972</span>
						<span class="wpt-cijfers1">-</span>
						<span class="wpt-cijfers1">1973</span>), <span class="wpt-cijfers1">3</span>
						<span class="wpt-cijfers1">/</span>
						<span class="wpt-cijfers1">4</span>, p.<span class="wpt-cijfers1"> </span>
						<span class="wpt-cijfers1">194</span>
						<span class="wpt-cijfers1">-</span>
						<span class="wpt-cijfers1">201</span>.</p><p class="wp-plat">‘<span class="wpt-cursief">De Kapellekensbaan/Zomer te Ter-Muren</span> in originele versie!’, in: <span class="wpt-cursief">Nieuw Vlaams Tijdschrift</span>, <span class="wpt-cijfers1">xxxiii</span> (<span class="wpt-cijfers1">1980</span>), <span class="wpt-cijfers1">1</span>, p. <span class="wpt-cijfers1">123</span>
						<span class="wpt-cijfers1">-</span>
						<span class="wpt-cijfers1">135</span>.</p><p class="wp-plat">‘<span class="wpt-cursief">De Kapellekensbaan &amp; Zomer te Ter-Muren</span> revisited’, in: <span class="wpt-cursief">De kantieke schoolmeester</span>, <span class="wpt-cijfers1">1</span>
						<span class="wpt-cijfers1">/</span>
						<span class="wpt-cijfers1">2</span> (<span class="wpt-cijfers1">192</span>), p. <span class="wpt-cijfers1">51</span>
						<span class="wpt-cijfers1">-</span>
						<span class="wpt-cijfers1">69</span>.</p><p class="wp-platmetwit">
						<span class="wpt-cijfers1">3</span>. Over die voorpublikaties handelen onder andere de volgende artikelen:</p><p class="wp-plat">
						<span class="wpt-cijfers1">jos muyres,</span> ‘Louis Paul Boon in <span class="wpt-cursief">De roode vaan</span>’, in: <span class="wpt-cursief">Maatstaf</span>, <span class="wpt-cijfers1">xxxiii</span> (<span class="wpt-cijfers1">1985</span>), <span class="wpt-cijfers1">6</span>, p. <span class="wpt-cijfers1">60</span>
						<span class="wpt-cijfers1">-</span>
						<span class="wpt-cijfers1">75</span>.</p><p class="wp-plat">Op zoek naar de bronnen van <span class="wpt-cursief">De Kapellekensbaan</span>: Louis Paul Boon in <span class="wpt-cursief">Front</span>’, in: <span class="wpt-cijfers1">w.m. roggeman</span>, <span class="wpt-cijfers1">g.j. van bork</span>, <span class="wpt-cijfers1">b. vanheste &amp; p. de wispelaere</span> [eds.], <span class="wpt-cursief">Louis Paul Boon Genootschap Jaarboek </span>
						<span class="wpt-cijfers1">4</span>
						<span class="wpt-cursief"> /</span>
						<span class="wpt-cijfers1">1986</span>, Facet, Antwerpen, <span class="wpt-cijfers1">1986</span>, p. <span class="wpt-cijfers1">159</span>
						<span class="wpt-cijfers1">-</span>
						<span class="wpt-cijfers1">183</span>.</p><p class="wp-plat">‘Een geniale ‘communist’ in een liberaal maandblad’, in: <span class="wpt-cijfers1">w.m. roggeman</span>, <span class="wpt-cijfers1">g.j. van bork</span>, <span class="wpt-cijfers1">w. van cannegem, b. vanheste &amp; p. de wispelaere</span> [eds.], <span class="wpt-cursief">Louis Paul Boon Genootschap Jaarboek </span>
						<span class="wpt-cijfers1">5</span>
						<span class="wpt-cursief"> /</span>
						<span class="wpt-cijfers1">1987</span>
						<span class="wpt-cursief">-</span>
						<span class="wpt-cijfers1">198</span>, Facet, Antwerpen, <span class="wpt-cijfers1">198</span>, p. <span class="wpt-cijfers1">21</span>
						<span class="wpt-cijfers1">-</span>
						<span class="wpt-cijfers1">57</span>.</p><p class="wp-plat">
						<span class="wpt-cijfers1">steven somers,</span> ‘Omtrent <span class="wpt-cursief">De KapellekensVaan</span>’, in: <span class="wpt-cijfers1">k. humbeeck &amp; p. de wispelaere</span> [eds.], <span class="wpt-cursief">Louis Paul Boon, schrijve</span>r, Restant/L.P. Boon-documentatiecentrum, Antwerpen, <span class="wpt-cijfers1">1989</span>, p. <span class="wpt-cijfers1">291</span>
						<span class="wpt-cijfers1">-</span>
						<span class="wpt-cijfers1">32</span>.</p>
				</div>



			</div>


			<div class="calibreToc">
				<h2>
					<a href="../../3ts5s3.html"> Table of contents</a>
				</h2>
				<div>
					<ul>
						<li>
							<a href="x97890295680432.xhtml#toc_marker_9789029568043_-5">De Kapellekensbaan</a>
						</li>
						<li>
							<a href="x97890295680435.xhtml#toc_marker_9789029568043_">Hier begint het 1ste hoofdstuk: Lente te Ter-Muren</a>
						</li>
						<li>
							<a href="x97890295680437.xhtml#toc_marker_9789029568043_-1">Hier begint definitief het 1ste hoofdstuk: Lente te Ter-Muren</a>
						</li>
						<li>
							<a href="x97890295680439.xhtml#toc_marker_9789029568043_-2">Hier begint het 2de hoofdstuk: vandaag wat zon en morgen wat regen en wind</a>
						</li>
						<li>
							<a href="x978902956804311.xhtml#toc_marker_9789029568043_-3">Toch het 3de en laatste hoofdstuk: gisteren wat zon en vandaag weeral wind en regen en modder</a>
						</li>
						<li>
							<a href="x978902956804314.xhtml#toc_marker_9789029568043_-4">Verantwoording</a>
						</li>
					</ul>
				</div>


			</div>


			<div class="calibreEbNav">

				<a href="x978902956804313.xhtml" class="calibreAPrev">previous page</a>


				<a href="../../3ts5s3.html" class="calibreAHome"> start</a>


				<a href="../aa2114d5573a.html" class="calibreANext"> next page</a>

			</div>

		</div>

	</body>
</html>
